{"stats":{"minecraft:crafted":{"minecraft:oak_planks":16,"minecraft:crafting_table":1,"minecraft:wooden_pickaxe":1,"minecraft:stone_axe":1,"byg:palm_planks":16,"minecraft:stick":8,"minecraft:stone_pickaxe":1,"minecraft:chest":2,"minecraft:white_bed":1},"minecraft:mined":{"minecraft:white_bed":2,"minecraft:dandelion":1,"minecraft:crafting_table":2,"minecraft:grass_block":3,"minecraft:tall_grass":4,"croptopia:broccoli_crop":1,"minecraft:sugar_cane":2,"minecraft:oxeye_daisy":1,"byg:palm_log":4,"minecraft:iron_ore":11,"minecraft:grass":12,"minecraft:coal_ore":13,"minecraft:oak_log":7,"minecraft:stone":8,"minecraft:white_wool":4},"minecraft:custom":{"minecraft:mob_kills":44,"minecraft:interact_with_crafting_table":5,"minecraft:leave_game":3,"minecraft:time_since_death":10620,"minecraft:sleep_in_bed":2,"minecraft:time_since_rest":2438,"minecraft:sprint_one_cm":57444,"minecraft:damage_taken":365,"minecraft:walk_one_cm":26831,"minecraft:damage_dealt":4802,"minecraft:swim_one_cm":25405,"minecraft:fly_one_cm":135766,"minecraft:open_chest":3,"minecraft:crouch_one_cm":1806,"minecraft:play_time":23650,"tombstone:undead_killed":1,"minecraft:deaths":1,"minecraft:sneak_time":2732,"minecraft:walk_under_water_one_cm":15702,"minecraft:jump":668,"minecraft:walk_on_water_one_cm":4567,"minecraft:total_world_time":23650,"minecraft:fall_one_cm":21600},"minecraft:used":{"minecraft:stone_pickaxe":25,"minecraft:chest":2,"minecraft:wooden_pickaxe":7,"minecraft:white_wool":4,"minecraft:dirt":3,"minecraft:crafting_table":3,"minecraft:white_bed":3,"croptopia:orange":8,"minecraft:stone_axe":80,"alexsmobs:animal_dictionary":1},"minecraft:picked_up":{"minecraft:crafting_table":2,"minecraft:feather":5,"minecraft_earth_mod:buttercup":3,"minecraft:chicken":4,"croptopia:broccoli_seed":1,"croptopia:peach":1,"minecraft:leather":11,"croptopia:broccoli":1,"minecraft:oak_log":7,"minecraft:gunpowder":2,"minecraft:dirt":3,"minecraft:wheat_seeds":4,"minecraft:beef":22,"minecraft:iron_nugget":1,"minecraft:light_gray_wool":2,"minecraft:sugar_cane":5,"minecraft:raw_iron":11,"minecraft:torch":1,"minecraft:dandelion":1,"minecraft:porkchop":22,"minecraft:white_bed":2,"croptopia:orange":8,"minecraft:gray_wool":1,"byg:palm_log":4,"minecraft:oak_sapling":1,"minecraft:mutton":25,"minecraft:coal":15,"minecraft:white_wool":16,"minecraft:cobblestone":8,"minecraft:oxeye_daisy":1},"minecraft:killed":{"minecraft_earth_mod:furnace_golem":1,"minecraft:pig":10,"alexsmobs:seagull":1,"minecraft:creeper":1,"minecraft:sheep":15,"minecraft:horse":2,"minecraft:zombie":1,"minecraft:chicken":4,"minecraft_earth_mod:moobloom":3,"minecraft:cow":6}},"DataVersion":3120}