{"stats":{"minecraft:used":{"minecraft:stone_pickaxe":25,"minecraft:wooden_pickaxe":7,"minecraft:stone_axe":67,"minecraft:dirt":3,"minecraft:crafting_table":2,"minecraft:white_bed":1,"alexsmobs:animal_dictionary":1,"croptopia:orange":8},"minecraft:crafted":{"byg:palm_planks":16,"minecraft:crafting_table":1,"minecraft:stick":8,"minecraft:wooden_pickaxe":1,"minecraft:stone_pickaxe":1,"minecraft:white_bed":1,"minecraft:stone_axe":1},"minecraft:picked_up":{"minecraft:crafting_table":2,"minecraft:raw_iron":11,"minecraft:feather":5,"minecraft:chicken":4,"minecraft_earth_mod:buttercup":3,"minecraft:leather":11,"minecraft:dandelion":1,"minecraft:porkchop":22,"minecraft:white_bed":1,"minecraft:gunpowder":2,"minecraft:dirt":3,"minecraft:wheat_seeds":4,"croptopia:orange":8,"minecraft:beef":18,"minecraft:gray_wool":1,"byg:palm_log":4,"minecraft:light_gray_wool":2,"minecraft:sugar_cane":5,"minecraft:mutton":25,"minecraft:coal":13,"minecraft:white_wool":12,"minecraft:cobblestone":8,"minecraft:oxeye_daisy":1},"minecraft:killed":{"minecraft:horse":2,"minecraft:sheep":15,"minecraft:zombie":1,"minecraft:pig":10,"minecraft:chicken":4,"alexsmobs:seagull":1,"minecraft_earth_mod:moobloom":3,"minecraft:creeper":1,"minecraft:cow":4},"minecraft:custom":{"minecraft:time_since_rest":6159,"minecraft:sprint_one_cm":57444,"minecraft:damage_taken":365,"minecraft:walk_one_cm":17934,"minecraft:mob_kills":41,"minecraft:damage_dealt":4380,"minecraft:swim_one_cm":25405,"minecraft:interact_with_crafting_table":3,"minecraft:fly_one_cm":134922,"minecraft:crouch_one_cm":978,"minecraft:play_time":20273,"tombstone:undead_killed":1,"minecraft:deaths":1,"minecraft:sneak_time":2190,"minecraft:walk_under_water_one_cm":15702,"minecraft:jump":586,"minecraft:leave_game":1,"minecraft:walk_on_water_one_cm":4567,"minecraft:time_since_death":7243,"minecraft:sleep_in_bed":1,"minecraft:total_world_time":20273,"minecraft:fall_one_cm":18976},"minecraft:mined":{"minecraft:white_bed":1,"byg:palm_log":4,"minecraft:iron_ore":11,"minecraft:dandelion":1,"minecraft:crafting_table":2,"minecraft:grass":11,"minecraft:grass_block":3,"minecraft:coal_ore":13,"minecraft:tall_grass":4,"minecraft:sugar_cane":2,"minecraft:stone":8,"minecraft:oxeye_daisy":1}},"DataVersion":3120}