{"stats":{"minecraft:killed_by":{"minecraft:skeleton":2},"minecraft:mined":{"minecraft:podzol":2,"iceandfire:silver_ore":5,"alexsmobs:leafcutter_anthill":1,"minecraft:crafting_table":3,"minecraft:note_block":4,"minecraft:grass_block":1,"byg:shelf_fungi":1,"minecraft:spawner":4,"minecraft:black_stained_glass_pane":1,"croptopia:cherry_crop":1,"minecraft:furnace":2,"minecraft:birch_log":7,"croptopia:celery_crop":1,"minecraft:grass":4,"minecraft:light_gray_concrete":1,"minecraft:dirt":1,"minecraft:stone":15,"minecraft:oak_leaves":1,"minecraft:spruce_slab":2,"minecraft:tripwire":2},"minecraft:picked_up":{"minecraft:birch_log":7,"minecraft:crafting_table":3,"croptopia:nectarine":4,"croptopia:celery":1,"minecraft:dirt":10,"minecraft:string":2,"minecraft:bone":15,"minecraft:spruce_slab":2,"croptopia:lime":2,"minecraft:furnace":2,"croptopia:celery_seed":2,"iceandfire:silver_ore":5,"minecraft:note_block":4,"minecraft:porkchop":2,"minecraft:stone_button":1,"tombstone:grave_dust":1,"minecraft:bundle":1,"croptopia:cherry":8,"minecraft:light_gray_concrete":1,"croptopia:lemon":4,"minecraft:arrow":12,"croptopia:persimmon":8,"croptopia:orange":9,"tombstone:essence_of_undeath":1,"minecraft:coal":12,"minecraft:cobblestone":15},"minecraft:dropped":{"minecraft:stone_axe":1,"minecraft:light_gray_concrete":1,"croptopia:celery_seed":2,"minecraft:dirt":9,"minecraft:stone_button":1,"minecraft:wooden_axe":1,"minecraft:spruce_slab":2,"minecraft:stone_pickaxe":1,"minecraft:wooden_pickaxe":1},"minecraft:custom":{"minecraft:interact_with_furnace":4,"minecraft:mob_kills":15,"minecraft:interact_with_crafting_table":8,"minecraft:leave_game":9,"minecraft:time_since_death":9758,"minecraft:climb_one_cm":21011,"minecraft:time_since_rest":8217,"minecraft:sprint_one_cm":96510,"minecraft:damage_taken":676,"minecraft:walk_one_cm":63624,"tombstone:sneak_grave":1,"minecraft:drop":12,"minecraft:damage_dealt":3473,"minecraft:play_noteblock":5,"minecraft:fly_one_cm":154868,"minecraft:open_chest":8,"tombstone:undead_killed":14,"minecraft:crouch_one_cm":3942,"minecraft:play_time":31647,"minecraft:deaths":2,"minecraft:sneak_time":2097,"minecraft:walk_under_water_one_cm":966,"minecraft:jump":562,"minecraft:walk_on_water_one_cm":481,"minecraft:total_world_time":31647,"minecraft:fall_one_cm":8956},"minecraft:used":{"croptopia:celery":1,"minecraft:stone_pickaxe":26,"minecraft:wooden_pickaxe":5,"minecraft:torch":1,"minecraft:dirt":1,"minecraft:crafting_table":4,"croptopia:orange":2,"minecraft:wooden_axe":21,"croptopia:nectarine":4,"minecraft:iron_axe":19,"minecraft:iron_pickaxe":4,"minecraft:stone_axe":36,"croptopia:persimmon":2,"minecraft:cobblestone":1,"croptopia:lime":1,"minecraft:furnace":1,"minecraft:cooked_porkchop":2,"tombstone:gift":5},"minecraft:killed":{"minecraft_earth_mod:spotted_pig":1,"minecraft:skeleton":14},"minecraft:crafted":{"minecraft:cooked_porkchop":2,"minecraft:crafting_table":1,"minecraft:iron_helmet":1,"minecraft:wooden_pickaxe":1,"minecraft:birch_planks":28,"minecraft:stone_axe":1,"minecraft:air":0,"minecraft:iron_chestplate":1,"minecraft:iron_axe":1,"minecraft:stick":36,"minecraft:iron_pickaxe":1,"minecraft:stone_pickaxe":1,"minecraft:wooden_axe":1,"minecraft:iron_leggings":1,"minecraft:torch":8}},"DataVersion":3120}