{"stats":{"minecraft:killed":{"alexsmobs:raccoon":1,"minecraft:spider":1,"minecraft_earth_mod:sooty_pig":2,"minecraft:skeleton":12,"minecraft:zombie":4,"iceandfire:ghost":1},"minecraft:custom":{"minecraft:mob_kills":28,"minecraft:inspect_hopper":5,"minecraft:interact_with_crafting_table":11,"minecraft:leave_game":5,"minecraft:time_since_death":7058,"minecraft:climb_one_cm":9469,"minecraft:sprint_one_cm":251842,"minecraft:walk_one_cm":264017,"minecraft:damage_blocked_by_shield":48,"minecraft:drop":25,"minecraft:play_time":104091,"minecraft:deaths":8,"minecraft:sneak_time":1261,"minecraft:walk_under_water_one_cm":11777,"minecraft:jump":3054,"minecraft:interact_with_brewingstand":1,"minecraft:interact_with_blast_furnace":1,"minecraft:walk_on_water_one_cm":12622,"minecraft:total_world_time":104091,"minecraft:interact_with_furnace":31,"minecraft:tune_noteblock":1,"minecraft:sleep_in_bed":1,"minecraft:time_since_rest":126,"minecraft:waystone_activated":1,"minecraft:damage_taken":3962,"minecraft:trigger_trapped_chest":3,"minecraft:damage_dealt":6532,"minecraft:swim_one_cm":27412,"minecraft:fly_one_cm":729161,"minecraft:open_chest":57,"minecraft:crouch_one_cm":2754,"tombstone:undead_killed":17,"minecraft:interact_with_smoker":4,"minecraft:fall_one_cm":83631,"minecraft:inspect_dispenser":1},"minecraft:mined":{"byg:pink_allium_flower_bush":2,"minecraft:grass_block":4,"minecraft:redstone_wire":1,"iceandfire:frozen_splinters":1,"minecraft:hopper":2,"minecraft:tall_seagrass":1,"minecraft:furnace":8,"croptopia:peach_crop":9,"minecraft:bookshelf":5,"minecraft:light_gray_concrete":9,"minecraft:stone":5,"minecraft:spruce_slab":2,"minecraft:gray_concrete":2,"minecraft:comparator":1,"minecraft:crafting_table":2,"minecraft:chiseled_quartz_block":7,"iceandfire:dragon_ice_spikes":9,"iceandfire:frozen_dirt":1,"minecraft:copper_ore":7,"minecraft:tall_grass":6,"byg:witch_hazel_log":1,"minecraft:seagrass":1,"minecraft:repeater":2,"minecraft:light_gray_stained_glass":1,"minecraft:ice":4,"byg:leaf_pile":1,"minecraft:grass":16,"minecraft:oak_log":7,"minecraft:cocoa":9,"byg:tall_pink_allium":1,"minecraft:dirt":1,"minecraft:smooth_quartz":10,"minecraft:sandstone_wall":1,"minecraft:cobweb":1,"minecraft:stonecutter":1,"minecraft:dispenser":2,"byg:tall_allium":5,"minecraft:oak_leaves":30,"minecraft:piston":1,"minecraft:fern":1,"minecraft:redstone_lamp":1},"minecraft:broken":{"iceandfire:armor_copper_metal_helmet":1},"minecraft:used":{"minecraft:stone_sword":13,"minecraft:shield":1,"minecraft:rotten_flesh":3,"minecraft:dirt":2,"iceandfire:copper_sword":131,"minecraft:carrot":1,"morevanillaarmor:copper_boots":1,"minecraft:rabbit_stew":2,"croptopia:peach":10,"minecraft:furnace":1,"iceandfire:armor_copper_metal_helmet":1,"tombstone:gift":4,"minecraft:cooked_mutton":13,"minecraft:water_bucket":9,"byg:pink_allium_flower_bush":1,"minecraft:stone_pickaxe":67,"minecraft:baked_potato":1,"minecraft:wooden_pickaxe":5,"minecraft:cookie":2,"minecraft:crafting_table":3,"minecraft:spider_eye":2,"byg:tall_pink_allium":1,"minecraft:apple":1,"iceandfire:armor_copper_metal_chestplate":1,"minecraft:bread":1,"minecraft:iron_pickaxe":8,"byg:tall_allium":5,"minecraft:wooden_sword":5,"sons_of_sins:flesh_of_demise":1,"minecraft:cooked_porkchop":8,"minecraft:porkchop":3,"minecraft:bucket":10},"minecraft:crafted":{"minecraft:wooden_sword":1,"minecraft:oak_planks":28,"minecraft:furnace":1,"byg:witch_hazel_planks":4,"iceandfire:armor_copper_metal_helmet":1,"morevanillaarmor:copper_boots":1,"minecraft:stone_pickaxe":1,"iceandfire:armor_copper_metal_chestplate":1,"iceandfire:silver_ingot":7,"minecraft:crafting_table":2,"minecraft:wooden_pickaxe":1,"minecraft:copper_ingot":22,"minecraft:air":0,"morevanillaarmor:copper_leggings":1,"minecraft:stick":8,"minecraft:stone_sword":1},"minecraft:dropped":{"minecraft:wheat_seeds":4,"minecraft:cooked_porkchop":1,"iceandfire:armor_copper_metal_chestplate":1,"iceandfire:frozen_dirt":1,"byg:witch_hazel_branch":1,"minecraft:stick":5,"minecraft:gray_concrete":1,"minecraft:torch":2,"tombstone:grave_key":1,"minecraft:wooden_sword":1,"minecraft:stonecutter":1,"iceandfire:silver_nugget":47,"minecraft:chiseled_quartz_block":7,"minecraft:cocoa_beans":27,"minecraft:bowl":1,"morevanillaarmor:copper_boots":1,"minecraft:rotten_flesh":2,"minecraft:stripped_oak_log":1,"iceandfire:frozen_splinters":2,"minecraft:stone_bricks":1,"minecraft:spruce_log":13,"minecraft:wooden_pickaxe":1},"minecraft:killed_by":{"iceandfire:ice_dragon":6,"minecraft:skeleton":1,"minecraft:zombie":1},"minecraft:picked_up":{"minecraft:cocoa_beans":54,"minecraft:crafting_table":3,"iceandfire:copper_sword":1,"croptopia:peach":11,"minecraft:redstone_lamp":1,"byg:tall_pink_allium":1,"minecraft:enchanted_book":1,"croptopia:calamari":5,"minecraft:string":2,"iceandfire:frozen_splinters":2,"minecraft:raw_copper":111,"minecraft:iron_leggings":1,"minecraft:comparator":1,"minecraft:bucket":1,"byg:pink_allium_flower_bush":1,"minecraft:piston":1,"minecraft:furnace":8,"minecraft:stick":3,"minecraft:copper_ingot":3,"minecraft:torch":2,"iceandfire:dragonscales_white":13,"minecraft:porkchop":3,"tombstone:grave_dust":2,"byg:witch_hazel_branch":1,"minecraft:redstone":1,"iceandfire:silver_ingot":8,"minecraft:arrow":8,"minecraft:rotten_flesh":5,"tombstone:essence_of_undeath":1,"minecraft:cobblestone":13,"minecraft:stripped_oak_log":1,"minecraft:repeater":3,"byg:witch_hazel_log":1,"minecraft:chiseled_quartz_block":7,"minecraft:flint":1,"minecraft:oak_log":7,"minecraft:gunpowder":3,"minecraft:gray_concrete":1,"minecraft:dirt":2,"tombstone:gift":1,"minecraft:cooked_mutton":13,"minecraft:bone":9,"minecraft:apple":1,"minecraft:stone_bricks":1,"minecraft:stonecutter":1,"minecraft:wheat_seeds":4,"minecraft:book":15,"minecraft:cooked_porkchop":8,"minecraft:axolotl_bucket":1,"minecraft:spruce_log":1,"minecraft:spider_eye":2,"iceandfire:frozen_dirt":1,"sons_of_sins:flesh_of_demise":1,"minecraft:dispenser":2,"byg:tall_allium":5,"iceandfire:ice_dragon_flesh":3,"minecraft:baked_potato":1,"minecraft:hopper":2,"minecraft:oak_sapling":5,"croptopia:cashew":1,"iceandfire:silver_nugget":46,"minecraft:coal":12}},"DataVersion":3120}