{"stats":{"minecraft:killed":{"minecraft_earth_mod:sooty_pig":2},"minecraft:picked_up":{"byg:tall_pink_allium":1,"byg:tall_allium":5,"byg:pink_allium_flower_bush":1,"minecraft:porkchop":3},"minecraft:used":{"byg:pink_allium_flower_bush":1,"minecraft:porkchop":3,"byg:tall_allium":5,"byg:tall_pink_allium":1},"minecraft:killed_by":{"minecraft:zombie":1},"minecraft:mined":{"minecraft:grass":9,"byg:tall_pink_allium":1,"byg:tall_allium":5,"byg:pink_allium_flower_bush":2},"minecraft:custom":{"minecraft:time_since_rest":23711,"minecraft:crouch_one_cm":712,"minecraft:sprint_one_cm":37602,"minecraft:play_time":25924,"minecraft:deaths":1,"minecraft:damage_taken":315,"minecraft:walk_one_cm":63275,"minecraft:sneak_time":495,"minecraft:walk_under_water_one_cm":711,"minecraft:mob_kills":2,"minecraft:jump":654,"minecraft:damage_dealt":234,"minecraft:leave_game":4,"minecraft:walk_on_water_one_cm":748,"minecraft:time_since_death":24019,"minecraft:total_world_time":25924,"minecraft:swim_one_cm":8114,"minecraft:fall_one_cm":18908,"minecraft:fly_one_cm":143597}},"DataVersion":3120}