{"stats":{"minecraft:custom":{"minecraft:jump":13,"minecraft:time_since_rest":4845,"minecraft:damage_dealt":10,"minecraft:leave_game":2,"minecraft:play_time":4845,"minecraft:sprint_one_cm":1462,"minecraft:damage_taken":320,"minecraft:time_since_death":4845,"minecraft:walk_one_cm":2993,"minecraft:climb_one_cm":448,"minecraft:total_world_time":4845,"minecraft:fall_one_cm":2386,"minecraft:fly_one_cm":2475},"minecraft:picked_up":{"byg:biomepedia":1,"tombstone:grave_dust":1,"minecraft:bamboo":2,"alexsmobs:animal_dictionary":1}},"DataVersion":3120}