{"stats":{"minecraft:broken":{"minecraft:iron_boots":1,"minecraft:wooden_pickaxe":1,"minecraft:stone_pickaxe":1,"minecraft:stone_axe":1,"minecraft:iron_sword":1,"minecraft:iron_helmet":1,"minecraft:golden_pickaxe":1},"minecraft:killed":{"minecraft:cave_spider":3,"minecraft:spider":14,"minecraft_earth_mod:skeleton_wolf":7,"minecraft:skeleton":27,"iceandfire:fire_dragon":1,"minecraft_earth_mod:albino_cow":1,"minecraft:pig":5,"creeperoverhaul:spruce_creeper":1,"minecraft:wandering_trader":1,"minecraft:creeper":1,"minecraft:sheep":2,"minecraft:trader_llama":1,"minecraft:zombie":28,"alexsmobs:cockroach":2,"sons_of_sins:betrayed_guzzler":2,"minecraft:stray":2,"iceandfire:ice_dragon":1,"alexsmobs:fly":1,"minecraft:wither_skeleton":3,"minecraft_earth_mod:dried_muddy_pig":1,"minecraft:cow":1},"minecraft:used":{"minecraft_earth_mod:rainbow_wool":2,"sophisticatedbackpacks:iron_backpack":1,"iceandfire:silver_sword":107,"iceandfire:dragon_skull_ice":1,"minecraft:chest":8,"minecraft:spruce_planks":27,"minecraft:shield":81,"minecraft:iron_sword":254,"minecraft:oak_door":3,"minecraft:torch":1,"minecraft:brewing_stand":1,"minecraft:dirt":2,"minecraft:stone_brick_slab":3,"minecraft:iron_axe":86,"minecraft:iron_boots":1,"minecraft:stone_brick_stairs":2,"croptopia:peach":6,"minecraft:furnace":2,"tombstone:gift":6,"minecraft:cooked_beef":31,"minecraft:water_bucket":4,"minecraft:diorite":28,"minecraft:stone_pickaxe":100,"minecraft:oak_planks":16,"croptopia:apricot":2,"minecraft:wooden_pickaxe":35,"minecraft:crafting_table":2,"minecraft:white_bed":3,"tombstone:bag_of_seeds":2,"waystones:waystone":1,"minecraft:iron_pickaxe":162,"tombstone:grave_key":5,"byg:orange_daisy":1,"minecraft:stone_axe":49,"minecraft:cobblestone":3,"minecraft:porkchop":8,"minecraft:bucket":5,"minecraft:jukebox":1,"alexsmobs:animal_dictionary":1,"minecraft:golden_pickaxe":67},"minecraft:killed_by":{"iceandfire:ice_dragon":9,"iceandfire:fire_dragon":7},"minecraft:picked_up":{"minecraft:crafting_table":2,"croptopia:peach":5,"minecraft:chainmail_boots":1,"minecraft:chicken":4,"minecraft:clay_ball":65,"croptopia:broccoli":1,"minecraft:lead":1,"minecraft:wooden_pickaxe":1,"minecraft:stone_brick_stairs":3,"croptopia:currant":1,"minecraft:brewing_stand":1,"minecraft:shield":2,"minecraft:moss_carpet":1,"minecraft:string":15,"croptopia:lettuce":1,"minecraft:raw_copper":3,"minecraft:iron_leggings":1,"minecraft:gold_nugget":466,"minecraft:smooth_stone":2,"minecraft:spruce_planks":3,"minecraft:beef":25,"minecraft:azalea":1,"minecraft:iron_nugget":1,"minecraft:light_gray_wool":2,"minecraft:sugar_cane":5,"minecraft:chest":3,"iceandfire:ice_dragon_heart":1,"minecraft:golden_helmet":1,"minecraft:tipped_arrow":1,"minecraft:stick":6,"minecraft:raw_iron":30,"iceandfire:dragonbone":22,"minecraft:jukebox":1,"minecraft:big_dripleaf":1,"minecraft:torch":15,"croptopia:blackberry_seed":2,"minecraft:porkchop":29,"tombstone:grave_dust":11,"minecraft:diorite":28,"iceandfire:dragon_skull_ice":1,"minecraft:arrow":24,"minecraft:rotten_flesh":20,"croptopia:squash_seed":4,"minecraft:nether_bricks":4,"iceandfire:dragonscales_silver":14,"supplementaries:antique_ink":3,"iceandfire:fire_dragon_heart":1,"minecraft:gold_ingot":135,"supplementaries:ash":10,"minecraft:mutton":25,"minecraft:iron_bars":6,"croptopia:lettuce_seed":1,"minecraft:cobblestone":6,"minecraft:white_wool":9,"minecraft:oxeye_daisy":1,"minecraft:leather_chestplate":1,"minecraft:feather":8,"minecraft_earth_mod:buttercup":3,"croptopia:broccoli_seed":1,"minecraft:brown_wool":3,"minecraft:leather":13,"minecraft:golden_leggings":1,"croptopia:tea_leaves":2,"minecraft:oak_log":2,"minecraft:gunpowder":4,"byg:dacite_cobblestone":17,"iceandfire:dragonscales_bronze":9,"minecraft:dirt":4,"minecraft:bone":59,"minecraft:stone_bricks":3,"minecraft:wheat_seeds":15,"croptopia:squash":1,"alexsmobs:cockroach_wing_fragment":1,"minecraft:stone_pickaxe":1,"tombstone:bag_of_seeds":1,"minecraft:mossy_stone_bricks":1,"minecraft:glass_bottle":5,"minecraft:moss_block":1,"iceandfire:fire_dragon_flesh":5,"croptopia:currant_seed":1,"minecraft:book":18,"croptopia:apricot":2,"minecraft:stone_brick_slab":3,"iceandfire:ash":2,"minecraft:dandelion":1,"croptopia:blackberry":1,"minecraft:gravel":6,"iceandfire:dragon_skull_fire":1,"byg:orange_daisy":1,"minecraft:amethyst_shard":8,"minecraft:nether_brick_stairs":3,"croptopia:tea_seed":3,"minecraft:white_bed":3,"byg:palm_planks":2,"minecraft:mossy_cobblestone":1,"minecraft:spider_eye":3,"sons_of_sins:flesh_of_demise":1,"minecraft:bundle":1,"minecraft_earth_mod:rainbow_wool":2,"minecraft:diamond":6,"byg:pink_anemone":2,"byg:aspen_log":11,"waystones:waystone":1,"byg:tall_allium":1,"iceandfire:dragon_ice":4,"minecraft:gray_wool":1,"iceandfire:ice_dragon_flesh":2,"minecraft:oak_sapling":4,"iceandfire:silver_nugget":140,"minecraft:coal":75},"minecraft:crafted":{"minecraft:oak_door":3,"minecraft:oak_planks":28,"minecraft:furnace":2,"minecraft:cooked_mutton":25,"minecraft:iron_boots":1,"minecraft:iron_axe":1,"minecraft:chest":6,"iceandfire:armor_bronze_chestplate":1,"sophisticatedbackpacks:iron_backpack":1,"minecraft:cooked_beef":25,"sophisticatedbackpacks:backpack":1,"iceandfire:silver_ingot":23,"minecraft:cooked_porkchop":21,"iceandfire:armor_silver_leggings":1,"minecraft:air":0,"minecraft:iron_ingot":21,"minecraft:iron_pickaxe":1,"minecraft:gold_ingot":51,"iceandfire:armor_silver_helmet":1,"minecraft:shears":1,"byg:aspen_planks":8},"minecraft:custom":{"minecraft:mob_kills":123,"minecraft:interact_with_crafting_table":21,"minecraft:open_barrel":3,"minecraft:damage_dealt_resisted":67,"minecraft:leave_game":8,"minecraft:time_since_death":27191,"minecraft:climb_one_cm":947,"minecraft:sprint_one_cm":437024,"minecraft:walk_one_cm":216582,"minecraft:damage_blocked_by_shield":2548,"minecraft:drop":28,"minecraft:talked_to_villager":1,"minecraft:play_time":114423,"minecraft:sneak_time":4965,"minecraft:deaths":17,"minecraft:walk_under_water_one_cm":7060,"minecraft:jump":4330,"minecraft:walk_on_water_one_cm":12827,"minecraft:total_world_time":114423,"minecraft:interact_with_furnace":30,"minecraft:sleep_in_bed":6,"minecraft:time_since_rest":26296,"minecraft:waystone_activated":2,"minecraft:damage_taken":7009,"tombstone:sneak_grave":1,"minecraft:damage_dealt":25916,"minecraft:swim_one_cm":31063,"minecraft:fly_one_cm":513813,"minecraft:open_chest":186,"minecraft:crouch_one_cm":8361,"tombstone:undead_killed":67,"tombstone:villager_killed":1,"minecraft:fall_one_cm":68211},"minecraft:mined":{"minecraft:large_amethyst_bud":2,"minecraft:spruce_planks":3,"minecraft:white_bed":3,"minecraft:deepslate_diamond_ore":6,"minecraft:brewing_stand":1,"minecraft:nether_bricks":1,"minecraft:grass_block":8,"minecraft:spawner":21,"minecraft:large_fern":11,"minecraft:iron_ore":9,"croptopia:tea_crop":2,"minecraft:fire":5,"minecraft:andesite":17,"minecraft:cave_vines":2,"minecraft:bookshelf":6,"croptopia:squash_crop":1,"iceandfire:gold_pile":53,"minecraft:deepslate_iron_ore":9,"minecraft:vine":1,"minecraft:iron_bars":8,"minecraft:azalea":1,"minecraft:stone":15,"create:limestone":4,"byg:dacite":16,"minecraft:flowering_azalea":1,"minecraft:amethyst_cluster":2,"croptopia:lettuce_crop":1,"minecraft:stone_brick_slab":3,"iceandfire:dragon_ice_spikes":8,"minecraft:clay":19,"minecraft:crafting_table":2,"minecraft:torch":1,"minecraft:chest":2,"supplementaries:wild_flax":1,"minecraft:tall_grass":16,"byg:overgrown_dacite":1,"byg:mossy_stone":1,"minecraft:diorite":61,"supplementaries:urn":16,"byg:soapstone":8,"minecraft:ice":3,"minecraft:lilac":1,"minecraft:jukebox":1,"byg:leaf_pile":1,"minecraft:stone_brick_stairs":2,"minecraft:grass":10,"minecraft:coal_ore":59,"croptopia:blackberry_crop":1,"minecraft:gravel":4,"minecraft:dirt":4,"minecraft:deepslate":18,"croptopia:currant_crop":1,"minecraft:cracked_stone_bricks":1,"minecraft:stone_bricks":3,"byg:tall_allium":1,"minecraft:mossy_stone_bricks":3,"create:crimsite":2,"minecraft:oak_leaves":3,"minecraft:fern":1},"minecraft:dropped":{"minecraft:wheat_seeds":4,"minecraft:mossy_cobblestone":1,"minecraft:cobblestone":2,"croptopia:squash_seed":2,"minecraft:brown_wool":2,"tombstone:grave_dust":1,"iceandfire:ash":2,"minecraft:gravel":2,"minecraft:raw_copper":3,"minecraft:rotten_flesh":7,"minecraft:clay_ball":12,"supplementaries:ash":7,"minecraft:leather_chestplate":1,"minecraft:tipped_arrow":1,"minecraft:shield":2,"minecraft:spider_eye":1,"minecraft:arrow":8,"croptopia:squash":1}},"DataVersion":3120}