{"stats":{"minecraft:custom":{"minecraft:mob_kills":143,"minecraft:interact_with_crafting_table":21,"minecraft:open_barrel":13,"minecraft:damage_dealt_resisted":866,"minecraft:leave_game":11,"minecraft:time_since_death":49970,"minecraft:climb_one_cm":1201,"minecraft:sprint_one_cm":497310,"minecraft:walk_one_cm":256043,"minecraft:damage_blocked_by_shield":3228,"minecraft:drop":36,"minecraft:damage_dealt_absorbed":111,"minecraft:talked_to_villager":1,"minecraft:play_time":137202,"minecraft:sneak_time":6566,"minecraft:deaths":17,"minecraft:walk_under_water_one_cm":7469,"minecraft:jump":4974,"minecraft:walk_on_water_one_cm":20550,"minecraft:total_world_time":137202,"minecraft:interact_with_furnace":30,"minecraft:sleep_in_bed":6,"minecraft:waystone_activated":2,"minecraft:time_since_rest":49075,"minecraft:damage_taken":8197,"tombstone:sneak_grave":1,"minecraft:damage_dealt":30852,"minecraft:swim_one_cm":31063,"minecraft:fly_one_cm":611489,"minecraft:open_chest":193,"minecraft:crouch_one_cm":11699,"tombstone:undead_killed":68,"tombstone:villager_killed":1,"minecraft:fall_one_cm":82733},"minecraft:used":{"minecraft_earth_mod:rainbow_wool":2,"sophisticatedbackpacks:iron_backpack":1,"iceandfire:silver_sword":229,"iceandfire:dragon_skull_ice":1,"minecraft:chest":8,"minecraft:spruce_planks":27,"minecraft:shield":100,"minecraft:iron_sword":254,"minecraft:oak_door":3,"minecraft:torch":1,"minecraft:brewing_stand":1,"minecraft:dirt":2,"minecraft:axolotl_bucket":1,"minecraft:stone_brick_slab":3,"minecraft:iron_axe":86,"minecraft:iron_boots":1,"iceandfire:dragon_ice":4,"minecraft:stone_brick_stairs":2,"croptopia:peach":6,"minecraft:furnace":2,"tombstone:gift":6,"minecraft:cooked_beef":36,"minecraft:cobbled_deepslate":35,"minecraft:water_bucket":4,"minecraft:diorite":28,"create:crimsite":1,"minecraft:baked_potato":13,"minecraft:oak_planks":16,"minecraft:stone_pickaxe":100,"croptopia:apricot":2,"minecraft:wooden_pickaxe":35,"minecraft:crafting_table":2,"minecraft:white_bed":3,"tombstone:bag_of_seeds":2,"waystones:waystone":1,"minecraft:iron_pickaxe":251,"tombstone:grave_key":5,"byg:orange_daisy":1,"minecraft:stone_axe":49,"minecraft:cobblestone":5,"minecraft:porkchop":8,"alexsmobs:animal_dictionary":1,"minecraft:golden_pickaxe":67,"minecraft:bucket":6,"minecraft:jukebox":1},"minecraft:dropped":{"minecraft:wheat_seeds":4,"minecraft:mossy_cobblestone":1,"minecraft:cobblestone":3,"minecraft:stick":1,"croptopia:squash_seed":2,"minecraft:brown_wool":2,"tombstone:grave_dust":1,"iceandfire:ash":2,"minecraft:gravel":2,"iceandfire:silver_nugget":2,"minecraft:raw_copper":3,"minecraft:tuff":6,"minecraft:rotten_flesh":7,"minecraft:clay_ball":12,"minecraft:leather_chestplate":1,"supplementaries:flax_seeds":1,"supplementaries:ash":10,"minecraft:tipped_arrow":1,"minecraft:shield":2,"minecraft:spider_eye":1,"minecraft:arrow":8,"croptopia:squash":1},"minecraft:picked_up":{"minecraft:crafting_table":2,"minecraft:chainmail_boots":1,"minecraft:chicken":4,"croptopia:peach":5,"minecraft:clay_ball":65,"croptopia:broccoli":1,"minecraft:lead":1,"minecraft:wooden_pickaxe":1,"minecraft:stone_brick_stairs":3,"croptopia:currant":1,"minecraft:brewing_stand":1,"minecraft:shield":2,"minecraft:string":15,"croptopia:lettuce":1,"minecraft:moss_carpet":1,"minecraft:raw_copper":3,"minecraft:iron_leggings":1,"minecraft:cobbled_deepslate":41,"minecraft:gold_nugget":466,"minecraft:smooth_stone":2,"minecraft:spruce_planks":3,"minecraft:beef":25,"minecraft:azalea":1,"minecraft:iron_nugget":1,"minecraft:light_gray_wool":2,"minecraft:sugar_cane":5,"minecraft:chest":3,"iceandfire:ice_dragon_heart":1,"minecraft:tipped_arrow":1,"minecraft:golden_helmet":1,"minecraft:stick":7,"minecraft:raw_iron":68,"iceandfire:dragonbone":22,"minecraft:jukebox":1,"minecraft:big_dripleaf":1,"minecraft:torch":26,"croptopia:blackberry_seed":2,"minecraft:porkchop":29,"orcz:squigs_claws":2,"tombstone:grave_dust":11,"minecraft:diorite":28,"alexsmobs:centipede_leg":2,"iceandfire:dragon_skull_ice":1,"minecraft:arrow":28,"minecraft:rotten_flesh":20,"croptopia:squash_seed":4,"minecraft:nether_bricks":4,"iceandfire:dragonscales_silver":14,"supplementaries:antique_ink":6,"iceandfire:fire_dragon_heart":1,"artifacts:pocket_piston":1,"minecraft:gold_ingot":135,"supplementaries:ash":10,"minecraft:glow_berries":1,"minecraft:mutton":25,"minecraft:iron_bars":6,"minecraft:white_wool":9,"minecraft:cobblestone":9,"minecraft:oxeye_daisy":1,"croptopia:lettuce_seed":1,"artifacts:digging_claws":1,"minecraft:leather_chestplate":1,"minecraft:feather":8,"orcz:orcteeth":2,"minecraft_earth_mod:buttercup":3,"croptopia:broccoli_seed":1,"minecraft:brown_wool":3,"minecraft:leather":13,"minecraft:golden_leggings":1,"minecraft:tuff":6,"croptopia:tea_leaves":2,"minecraft:oak_log":2,"supplementaries:flax_seeds":1,"minecraft:gunpowder":6,"byg:dacite_cobblestone":17,"minecraft:lapis_lazuli":14,"minecraft:dirt":4,"iceandfire:dragonscales_bronze":9,"minecraft:bone":69,"minecraft:chipped_anvil":1,"minecraft:stone_bricks":3,"minecraft:wheat_seeds":15,"minecraft:raw_gold":4,"croptopia:squash":1,"alexsmobs:cockroach_wing_fragment":1,"minecraft:stone_pickaxe":1,"tombstone:bag_of_seeds":1,"minecraft:mossy_stone_bricks":1,"minecraft:glass_bottle":5,"minecraft:moss_block":1,"iceandfire:fire_dragon_flesh":5,"minecraft:book":18,"croptopia:currant_seed":1,"croptopia:apricot":2,"minecraft:stone_brick_slab":3,"iceandfire:ash":2,"minecraft:dandelion":1,"croptopia:blackberry":1,"minecraft:gravel":6,"iceandfire:dragon_skull_fire":1,"byg:orange_daisy":1,"minecraft:amethyst_shard":8,"minecraft:nether_brick_stairs":3,"croptopia:tea_seed":3,"minecraft:white_bed":3,"byg:palm_planks":2,"minecraft:mossy_cobblestone":1,"minecraft:spider_eye":3,"sons_of_sins:flesh_of_demise":1,"minecraft:bundle":1,"minecraft_earth_mod:rainbow_wool":2,"create:crimsite":1,"byg:aspen_log":11,"byg:pink_anemone":2,"minecraft:diamond":10,"minecraft:emerald":6,"waystones:waystone":1,"byg:tall_allium":1,"iceandfire:dragon_ice":4,"minecraft:gray_wool":1,"iceandfire:ice_dragon_flesh":2,"minecraft:oak_sapling":4,"iceandfire:silver_nugget":140,"minecraft:coal":75},"minecraft:broken":{"minecraft:iron_boots":1,"minecraft:wooden_pickaxe":1,"minecraft:stone_pickaxe":1,"minecraft:stone_axe":1,"minecraft:iron_sword":1,"minecraft:iron_pickaxe":1,"minecraft:iron_helmet":1,"minecraft:golden_pickaxe":1},"minecraft:crafted":{"minecraft:oak_door":3,"minecraft:oak_planks":28,"minecraft:furnace":2,"minecraft:cooked_mutton":25,"minecraft:iron_boots":1,"minecraft:iron_axe":1,"minecraft:chest":6,"iceandfire:armor_bronze_chestplate":1,"sophisticatedbackpacks:iron_backpack":1,"minecraft:cooked_beef":25,"sophisticatedbackpacks:backpack":1,"iceandfire:silver_ingot":23,"minecraft:cooked_porkchop":21,"iceandfire:armor_silver_leggings":1,"minecraft:air":0,"minecraft:iron_ingot":21,"minecraft:iron_pickaxe":1,"minecraft:gold_ingot":51,"minecraft:shears":1,"iceandfire:armor_silver_helmet":1,"byg:aspen_planks":8},"minecraft:killed_by":{"iceandfire:ice_dragon":9,"iceandfire:fire_dragon":7},"minecraft:mined":{"minecraft:large_amethyst_bud":2,"minecraft:spruce_planks":3,"minecraft:white_bed":3,"minecraft:deepslate_diamond_ore":10,"minecraft:brewing_stand":1,"minecraft:cave_vines_plant":1,"minecraft:nether_bricks":1,"minecraft:grass_block":8,"minecraft:moss_block":3,"minecraft:spawner":21,"minecraft:large_fern":11,"minecraft:iron_ore":25,"croptopia:tea_crop":2,"minecraft:fire":5,"minecraft:cobbled_deepslate":2,"minecraft:andesite":17,"minecraft:deepslate_lapis_ore":2,"croptopia:squash_crop":1,"minecraft:bookshelf":6,"minecraft:vine":1,"iceandfire:gold_pile":53,"minecraft:cave_vines":2,"minecraft:deepslate_iron_ore":31,"minecraft:iron_bars":8,"minecraft:azalea":1,"minecraft:stone":18,"create:limestone":4,"byg:dacite":16,"minecraft:flowering_azalea":1,"minecraft:amethyst_cluster":2,"croptopia:lettuce_crop":1,"minecraft:stone_brick_slab":3,"minecraft:clay":19,"iceandfire:dragon_ice_spikes":8,"minecraft:crafting_table":2,"minecraft:torch":1,"minecraft:chest":2,"supplementaries:wild_flax":1,"minecraft:tall_grass":20,"byg:overgrown_dacite":1,"byg:mossy_stone":1,"minecraft:diorite":61,"supplementaries:urn":28,"byg:soapstone":8,"minecraft:ice":3,"minecraft:lilac":1,"minecraft:jukebox":1,"byg:leaf_pile":1,"minecraft:stone_brick_stairs":2,"minecraft:grass":15,"minecraft:coal_ore":59,"croptopia:blackberry_crop":1,"minecraft:gravel":4,"minecraft:dirt":4,"minecraft:cracked_stone_bricks":1,"byg:tall_allium":1,"minecraft:chipped_anvil":1,"croptopia:currant_crop":1,"minecraft:stone_bricks":3,"create:crimsite":3,"minecraft:mossy_stone_bricks":3,"minecraft:deepslate":58,"minecraft:oak_leaves":3,"minecraft:fern":1},"minecraft:killed":{"minecraft:cave_spider":3,"minecraft:spider":14,"minecraft_earth_mod:skeleton_wolf":7,"minecraft:skeleton":27,"iceandfire:fire_dragon":1,"alexsmobs:centipede_head":1,"orcz:squig":1,"minecraft_earth_mod:albino_cow":1,"artifacts:mimic":2,"minecraft:pig":5,"orcz:goblinsavagemace":1,"creeperoverhaul:spruce_creeper":1,"orcz:goblinwerid":1,"minecraft:wandering_trader":1,"minecraft:creeper":2,"minecraft:sheep":2,"minecraft:trader_llama":1,"minecraft:zombie":29,"alexsmobs:cockroach":2,"sons_of_sins:betrayed_guzzler":2,"minecraft:stray":2,"iceandfire:ice_dragon":1,"alexsmobs:fly":1,"minecraft:wither_skeleton":3,"orcz:goblin_2sword":1,"minecraft_earth_mod:dried_muddy_pig":1,"minecraft:cow":1}},"DataVersion":3120}