{"stats":{"minecraft:killed_by":{"minecraft:zombie":1},"minecraft:picked_up":{"minecraft:feather":3,"minecraft:wheat_seeds":1,"minecraft:bamboo":12,"minecraft:dirt":1},"minecraft:mined":{"minecraft:grass":3,"minecraft:grass_block":1,"minecraft:bamboo":1,"minecraft:oak_leaves":1,"minecraft:fern":1},"minecraft:killed":{"minecraft:parrot":1,"creeperoverhaul:bamboo_creeper":2},"minecraft:used":{"minecraft:bamboo":12,"minecraft:dirt":1,"tombstone:gift":1,"alexsmobs:animal_dictionary":1},"minecraft:dropped":{"tombstone:grave_dust":1,"minecraft:feather":3,"byg:biomepedia":1,"minecraft:wheat_seeds":1,"alexsmobs:animal_dictionary":1},"minecraft:custom":{"minecraft:time_since_rest":0,"minecraft:damage_taken":500,"minecraft:crouch_one_cm":206,"minecraft:play_time":14655,"minecraft:sprint_one_cm":33522,"minecraft:walk_one_cm":30982,"minecraft:deaths":2,"minecraft:sneak_time":162,"minecraft:walk_under_water_one_cm":144,"minecraft:mob_kills":3,"minecraft:drop":7,"minecraft:jump":386,"minecraft:damage_dealt":378,"minecraft:leave_game":1,"minecraft:time_since_death":0,"minecraft:walk_on_water_one_cm":362,"minecraft:total_world_time":14655,"minecraft:climb_one_cm":1331,"minecraft:swim_one_cm":976,"minecraft:fly_one_cm":57145,"minecraft:fall_one_cm":14428}},"DataVersion":3120}