{"stats":{"minecraft:killed":{"minecraft:cave_spider":3,"minecraft:spider":16,"minecraft_earth_mod:skeleton_wolf":7,"minecraft:skeleton":28,"alexsmobs:centipede_head":1,"minecraft_earth_mod:pink_moobloom":1,"orcz:squig":1,"artifacts:mimic":2,"minecraft:pig":6,"orcz:goblinsavagemace":1,"orcz:goblinwerid":1,"minecraft:creeper":2,"minecraft:sheep":2,"minecraft:trader_llama":1,"minecraft:zombie":29,"minecraft_earth_mod:pale_pig":2,"minecraft:stray":2,"alexsmobs:fly":1,"minecraft:cow":1,"iceandfire:fire_dragon":1,"minecraft_earth_mod:albino_cow":1,"creeperoverhaul:spruce_creeper":1,"minecraft_earth_mod:muddy_pig":1,"minecraft:wandering_trader":1,"alexsmobs:cockroach":2,"sons_of_sins:betrayed_guzzler":2,"iceandfire:ice_dragon":1,"orcz:goblin_2sword":1,"minecraft:wither_skeleton":3,"minecraft_earth_mod:dried_muddy_pig":1},"minecraft:broken":{"minecraft:iron_boots":1,"minecraft:stone_pickaxe":1,"minecraft:stone_axe":1,"minecraft:iron_sword":1,"minecraft:wooden_pickaxe":1,"iceandfire:armor_silver_metal_helmet":1,"minecraft:iron_pickaxe":1,"minecraft:iron_helmet":1,"minecraft:golden_pickaxe":1},"minecraft:used":{"iceandfire:dragon_skull_ice":1,"minecraft:chest":8,"minecraft:shield":100,"minecraft:iron_sword":254,"minecraft:axolotl_bucket":3,"vinery:taiga_grape_seeds_red":2,"minecraft:stone_brick_stairs":2,"croptopia:peach":6,"minecraft:furnace":2,"minecraft:diorite":28,"minecraft:stone_pickaxe":100,"minecraft:oak_planks":16,"create:crimsite":1,"minecraft:wooden_pickaxe":35,"minecraft:sugar_cane":17,"minecraft:blast_furnace":2,"waystones:waystone":1,"tombstone:grave_key":8,"minecraft:golden_pickaxe":67,"minecraft_earth_mod:rainbow_wool":4,"sophisticatedbackpacks:iron_backpack":2,"iceandfire:silver_sword":317,"minecraft:spruce_planks":27,"minecraft:oak_door":3,"minecraft:torch":1,"minecraft:brewing_stand":1,"minecraft:dirt":2,"minecraft:stone_brick_slab":3,"minecraft:chipped_anvil":1,"minecraft:iron_axe":87,"minecraft:iron_boots":1,"iceandfire:dragon_ice":4,"tombstone:gift":6,"minecraft:cooked_beef":36,"minecraft:cobbled_deepslate":35,"minecraft:water_bucket":4,"minecraft:baked_potato":15,"croptopia:apricot":2,"minecraft:crafting_table":2,"minecraft:white_bed":4,"tombstone:bag_of_seeds":2,"minecraft:iron_pickaxe":343,"byg:orange_daisy":1,"minecraft:stone_axe":49,"minecraft:cobblestone":5,"minecraft:cooked_porkchop":10,"minecraft:porkchop":8,"minecraft:bucket":8,"alexsmobs:animal_dictionary":1,"minecraft:jukebox":1},"minecraft:picked_up":{"minecraft:chainmail_boots":1,"croptopia:broccoli":1,"minecraft:lead":1,"vinery:red_grape_seeds":3,"croptopia:calamari":1,"minecraft:stone_brick_stairs":3,"minecraft:brewing_stand":1,"minecraft:string":16,"croptopia:lettuce":1,"minecraft:raw_copper":3,"minecraft:iron_leggings":1,"minecraft:smooth_stone":2,"minecraft:gold_nugget":466,"minecraft:cobbled_deepslate":41,"minecraft:spruce_planks":3,"minecraft:azalea":1,"minecraft:furnace":2,"minecraft:golden_helmet":1,"minecraft:tipped_arrow":1,"minecraft:stick":7,"minecraft:jukebox":1,"minecraft:big_dripleaf":1,"minecraft:torch":26,"croptopia:blackberry_seed":2,"iceandfire:silver_ore":4,"minecraft:porkchop":36,"orcz:squigs_claws":2,"tombstone:grave_dust":12,"minecraft:diorite":28,"alexsmobs:centipede_leg":2,"minecraft:rotten_flesh":20,"croptopia:squash_seed":4,"supplementaries:antique_ink":6,"iceandfire:fire_dragon_heart":1,"supplementaries:ash":10,"minecraft:iron_bars":6,"minecraft:cobblestone":73,"croptopia:lettuce_seed":1,"minecraft:leather_chestplate":1,"minecraft:feather":8,"orcz:orcteeth":2,"croptopia:broccoli_seed":1,"minecraft:brown_wool":3,"minecraft:golden_leggings":1,"minecraft:tuff":6,"supplementaries:flax_seeds":1,"iceandfire:dragonscales_bronze":9,"minecraft:lapis_lazuli":14,"minecraft:dirt":4,"minecraft:bone":75,"minecraft:chipped_anvil":1,"minecraft:wheat_seeds":17,"minecraft:raw_gold":4,"minecraft:mossy_stone_bricks":1,"minecraft:moss_block":1,"croptopia:blackberry":1,"iceandfire:dragon_skull_fire":1,"byg:orange_daisy":1,"minecraft:nether_brick_stairs":3,"minecraft:ink_sac":4,"minecraft:mossy_cobblestone":1,"sons_of_sins:flesh_of_demise":1,"minecraft:bundle":1,"create:crimsite":1,"byg:aspen_log":11,"byg:pink_anemone":2,"minecraft:diamond":10,"waystones:waystone":1,"iceandfire:dragon_ice":4,"minecraft:emerald":6,"minecraft:oak_sapling":4,"croptopia:cashew":5,"iceandfire:silver_nugget":142,"minecraft:crafting_table":2,"byg:soapstone":12,"minecraft:clay_ball":65,"minecraft:chicken":4,"croptopia:peach":5,"vinery:taiga_grapes_white":2,"minecraft:wooden_pickaxe":1,"croptopia:currant":1,"minecraft:shield":2,"minecraft:moss_carpet":1,"minecraft:beef":26,"minecraft_earth_mod:pink_daisy":1,"minecraft:iron_nugget":1,"minecraft:poppy":1,"minecraft:light_gray_wool":2,"minecraft:sugar_cane":26,"minecraft:chest":3,"iceandfire:ice_dragon_heart":1,"minecraft:raw_iron":68,"iceandfire:dragonbone":22,"croptopia:strawberry":1,"iceandfire:dragon_skull_ice":1,"minecraft:arrow":30,"croptopia:strawberry_seed":2,"minecraft:nether_bricks":4,"iceandfire:dragonscales_silver":14,"artifacts:pocket_piston":1,"minecraft:gold_ingot":135,"minecraft:glow_berries":1,"minecraft:mutton":25,"minecraft:white_wool":9,"minecraft:oxeye_daisy":1,"artifacts:digging_claws":1,"minecraft_earth_mod:buttercup":3,"minecraft:leather":13,"croptopia:tea_leaves":2,"minecraft:oak_log":2,"minecraft:gunpowder":6,"byg:dacite_cobblestone":17,"minecraft:stone_bricks":3,"croptopia:squash":1,"alexsmobs:cockroach_wing_fragment":1,"minecraft:stone_pickaxe":1,"tombstone:bag_of_seeds":1,"minecraft:glass_bottle":5,"iceandfire:fire_dragon_flesh":5,"minecraft:book":18,"croptopia:currant_seed":1,"croptopia:apricot":2,"minecraft:sweet_berries":33,"vinery:taiga_grape_seeds_red":2,"minecraft:stone_brick_slab":3,"iceandfire:ash":2,"minecraft:dandelion":1,"minecraft:gravel":6,"minecraft:amethyst_shard":8,"minecraft:white_bed":3,"croptopia:tea_seed":3,"byg:palm_planks":2,"minecraft:spider_eye":5,"minecraft_earth_mod:rainbow_wool":4,"byg:tall_allium":1,"minecraft:gray_wool":1,"iceandfire:ice_dragon_flesh":2,"minecraft:coal":161},"minecraft:killed_by":{"iceandfire:ice_dragon":16,"iceandfire:fire_dragon":7,"minecraft:skeleton":1},"minecraft:crafted":{"minecraft:smooth_stone":6,"minecraft:oak_planks":28,"minecraft:stone":6,"minecraft:cooked_mutton":25,"minecraft:iron_boots":1,"minecraft:chest":6,"sophisticatedbackpacks:backpack":1,"minecraft:cooked_porkchop":21,"iceandfire:armor_silver_leggings":1,"minecraft:iron_ingot":157,"minecraft:iron_pickaxe":1,"minecraft:gold_ingot":51,"minecraft:shears":1,"minecraft:oak_door":3,"minecraft:furnace":2,"minecraft:blast_furnace":2,"minecraft:iron_axe":1,"iceandfire:armor_bronze_chestplate":1,"sophisticatedbackpacks:iron_backpack":1,"minecraft:cooked_beef":25,"iceandfire:silver_ingot":23,"minecraft:air":0,"minecraft:white_bed":1,"iceandfire:armor_silver_helmet":1,"byg:aspen_planks":8},"minecraft:dropped":{"croptopia:squash_seed":2,"iceandfire:ash":2,"minecraft:gravel":2,"minecraft:rotten_flesh":7,"minecraft:leather_chestplate":1,"supplementaries:flax_seeds":1,"supplementaries:ash":10,"minecraft:tipped_arrow":1,"minecraft:arrow":8,"croptopia:squash":1,"minecraft:wheat_seeds":6,"minecraft:mossy_cobblestone":1,"minecraft:cobblestone":3,"minecraft:stick":1,"minecraft:brown_wool":2,"tombstone:grave_dust":1,"iceandfire:silver_nugget":2,"minecraft:raw_copper":3,"minecraft:tuff":6,"minecraft:clay_ball":12,"iceandfire:silver_ore":4,"minecraft:shield":3,"minecraft:spider_eye":1},"minecraft:custom":{"minecraft:interact_with_crafting_table":26,"minecraft:open_barrel":13,"minecraft:leave_game":13,"minecraft:time_since_death":0,"minecraft:sprint_one_cm":579843,"minecraft:damage_blocked_by_shield":3228,"minecraft:drop":40,"minecraft:talked_to_villager":1,"minecraft:play_time":172201,"minecraft:deaths":25,"minecraft:jump":5875,"minecraft:walk_on_water_one_cm":24596,"minecraft:interact_with_furnace":49,"minecraft:sleep_in_bed":8,"minecraft:waystone_activated":2,"tombstone:sneak_grave":1,"minecraft:damage_dealt":33989,"minecraft:crouch_one_cm":11803,"tombstone:undead_killed":69,"tombstone:villager_killed":1,"minecraft:mob_kills":156,"minecraft:damage_dealt_resisted":866,"minecraft:climb_one_cm":1229,"minecraft:walk_one_cm":300567,"minecraft:damage_dealt_absorbed":111,"minecraft:sneak_time":6927,"minecraft:walk_under_water_one_cm":17479,"minecraft:interact_with_blast_furnace":17,"minecraft:total_world_time":172201,"minecraft:time_since_rest":0,"minecraft:damage_taken":11484,"minecraft:swim_one_cm":57838,"minecraft:fly_one_cm":744890,"minecraft:open_chest":242,"minecraft:fall_one_cm":128429},"minecraft:mined":{"minecraft:large_amethyst_bud":2,"minecraft:spruce_planks":3,"minecraft:white_bed":3,"croptopia:strawberry_crop":1,"minecraft:brewing_stand":1,"minecraft:cave_vines_plant":1,"vinery:taiga_grape_bush_red":1,"minecraft:grass_block":9,"minecraft:spawner":21,"minecraft:cobbled_deepslate":2,"minecraft:iron_ore":25,"minecraft:fire":5,"croptopia:tea_crop":2,"minecraft:deepslate_lapis_ore":2,"vinery:taiga_grape_bush_white":3,"minecraft:cave_vines":2,"iceandfire:gold_pile":53,"minecraft:iron_bars":8,"minecraft:azalea":1,"create:limestone":4,"byg:dacite":16,"minecraft:amethyst_cluster":2,"minecraft:clay":19,"iceandfire:dragon_ice_spikes":8,"minecraft:torch":1,"vinery:red_grape_bush":1,"minecraft:chest":2,"supplementaries:wild_flax":1,"minecraft:sugar_cane":9,"byg:mossy_stone":1,"byg:soapstone":20,"minecraft:lilac":1,"minecraft:jukebox":1,"minecraft:stone_brick_stairs":2,"minecraft:grass":16,"minecraft:dirt":10,"croptopia:currant_crop":1,"create:crimsite":3,"minecraft:oak_leaves":3,"minecraft:deepslate":58,"iceandfire:silver_ore":4,"minecraft:dark_oak_leaves":2,"minecraft:deepslate_diamond_ore":10,"minecraft_earth_mod:rainbow_wool":2,"minecraft:nether_bricks":1,"minecraft:moss_block":3,"minecraft:large_fern":34,"minecraft:furnace":2,"minecraft:andesite":17,"minecraft:bookshelf":6,"croptopia:squash_crop":1,"minecraft:deepslate_iron_ore":31,"minecraft:vine":1,"minecraft:stone":82,"minecraft:flowering_azalea":1,"croptopia:lettuce_crop":1,"minecraft:stone_brick_slab":3,"iceandfire:frozen_gravel":1,"minecraft:crafting_table":2,"minecraft:tall_grass":20,"minecraft:copper_ore":3,"byg:overgrown_dacite":1,"minecraft:diorite":61,"supplementaries:urn":28,"minecraft:sweet_berry_bush":13,"minecraft:ice":9,"byg:leaf_pile":1,"minecraft:coal_ore":59,"croptopia:blackberry_crop":1,"minecraft:gravel":4,"minecraft:cracked_stone_bricks":1,"minecraft:stone_bricks":3,"byg:tall_allium":1,"minecraft:mossy_stone_bricks":3,"minecraft:chipped_anvil":1,"minecraft:fern":4}},"DataVersion":3120}