{"stats":{"minecraft:custom":{"minecraft:interact_with_crafting_table":35,"minecraft:open_barrel":16,"minecraft:eat_cake_slice":3,"minecraft:leave_game":15,"minecraft:time_since_death":7038,"minecraft:sprint_one_cm":837456,"minecraft:damage_blocked_by_shield":3712,"minecraft:drop":130,"minecraft:talked_to_villager":8,"minecraft:play_time":247877,"minecraft:deaths":29,"minecraft:interact_with_brewingstand":1,"minecraft:jump":7940,"minecraft:walk_on_water_one_cm":40368,"minecraft:interact_with_furnace":52,"minecraft:sleep_in_bed":11,"minecraft:waystone_activated":2,"tombstone:sneak_grave":1,"minecraft:damage_dealt":46562,"minecraft:crouch_one_cm":18105,"tombstone:undead_killed":90,"tombstone:villager_killed":1,"minecraft:interact_with_smoker":6,"minecraft:inspect_dispenser":1,"minecraft:interact_with_anvil":2,"minecraft:mob_kills":211,"minecraft:damage_dealt_resisted":866,"minecraft:climb_one_cm":16720,"minecraft:walk_one_cm":427541,"minecraft:damage_dealt_absorbed":111,"minecraft:sneak_time":9839,"minecraft:walk_under_water_one_cm":42074,"minecraft:interact_with_blast_furnace":26,"minecraft:total_world_time":247877,"minecraft:tune_noteblock":19,"minecraft:time_since_rest":6508,"minecraft:damage_taken":14466,"minecraft:trigger_trapped_chest":3,"minecraft:swim_one_cm":103832,"minecraft:fly_one_cm":1179547,"minecraft:open_chest":379,"minecraft:fall_one_cm":182483},"minecraft:killed":{"minecraft:cave_spider":3,"minecraft:spider":16,"minecraft_earth_mod:skeleton_wolf":9,"minecraft:skeleton":39,"orcz:squig":1,"alexsmobs:centipede_head":1,"minecraft_earth_mod:pink_moobloom":1,"minecraft_earth_mod:cookie_cow":2,"artifacts:mimic":2,"minecraft:pig":8,"orcz:goblinsavagemace":1,"orcz:goblinwerid":1,"minecraft:creeper":3,"minecraft:sheep":6,"minecraft:trader_llama":1,"minecraft:zombie":32,"minecraft_earth_mod:pale_pig":2,"minecraft:stray":2,"minecraft_earth_mod:pink_footed_pig":2,"alexsmobs:fly":1,"minecraft:cow":11,"alexsmobs:raccoon":2,"iceandfire:fire_dragon":1,"minecraft_earth_mod:albino_cow":1,"creeperoverhaul:spruce_creeper":1,"minecraft_earth_mod:muddy_pig":1,"minecraft:wandering_trader":1,"alexsmobs:cockroach":2,"sons_of_sins:betrayed_guzzler":3,"iceandfire:ghost":5,"iceandfire:ice_dragon":2,"alexsmobs:crow":1,"minecraft:wither_skeleton":3,"orcz:goblin_2sword":1,"minecraft_earth_mod:dried_muddy_pig":3,"minecraft:enderman":1},"minecraft:mined":{"minecraft:large_amethyst_bud":2,"minecraft:white_bed":3,"minecraft:spruce_planks":3,"croptopia:strawberry_crop":1,"minecraft:brewing_stand":1,"minecraft:cave_vines_plant":1,"vinery:taiga_grape_bush_red":1,"minecraft:grass_block":9,"minecraft:spawner":25,"minecraft:iron_ore":25,"minecraft:cobbled_deepslate":2,"minecraft:fire":5,"croptopia:tea_crop":2,"minecraft:deepslate_lapis_ore":2,"vinery:taiga_grape_bush_white":4,"minecraft:cave_vines":2,"iceandfire:gold_pile":53,"minecraft:iron_bars":8,"minecraft:light_gray_concrete":1,"minecraft:azalea":1,"create:limestone":4,"minecraft:tripwire":1,"byg:dacite":16,"minecraft:amethyst_cluster":2,"minecraft:clay":19,"iceandfire:dragon_ice_spikes":10,"minecraft:torch":1,"vinery:red_grape_bush":1,"minecraft:calcite":1,"iceandfire:ghost_chest":2,"minecraft:chest":2,"iceandfire:frozen_dirt":5,"supplementaries:wild_flax":1,"croptopia:raspberry_crop":1,"minecraft:glass":1,"minecraft:grindstone":2,"minecraft:sugar_cane":9,"byg:mossy_stone":1,"byg:soapstone":20,"minecraft:lilac":1,"minecraft:jukebox":1,"minecraft:stone_brick_stairs":3,"minecraft:grass":28,"minecraft:dirt":10,"croptopia:currant_crop":1,"create:crimsite":3,"minecraft:oak_leaves":6,"minecraft:deepslate":58,"iceandfire:silver_ore":4,"minecraft:dark_oak_leaves":2,"minecraft:deepslate_diamond_ore":10,"minecraft_earth_mod:rainbow_wool":2,"minecraft:dark_oak_log":5,"iceandfire:frozen_cobblestone":1,"minecraft:nether_bricks":1,"iceandfire:frozen_grass":1,"iceandfire:frozen_splinters":2,"iceandfire:dragon_ice":1,"minecraft:moss_block":3,"minecraft:large_fern":38,"minecraft:furnace":2,"minecraft:andesite":17,"minecraft:bookshelf":7,"croptopia:squash_crop":1,"minecraft:deepslate_iron_ore":31,"minecraft:vine":2,"minecraft:stone":90,"minecraft:flowering_azalea":1,"croptopia:lettuce_crop":1,"minecraft:stone_brick_slab":3,"iceandfire:frozen_gravel":5,"minecraft:crafting_table":2,"vinery:cherry_log":6,"minecraft:copper_ore":26,"minecraft:tall_grass":21,"byg:overgrown_dacite":1,"minecraft:diorite":61,"supplementaries:urn":28,"minecraft:purple_bed":1,"byg:lush_dirt":2,"minecraft:sweet_berry_bush":14,"minecraft:ice":14,"byg:leaf_pile":1,"minecraft:coal_ore":71,"iceandfire:silver_pile":23,"croptopia:celery_crop":1,"croptopia:blackberry_crop":2,"minecraft:gravel":4,"croptopia:rutabaga_crop":1,"minecraft:cracked_stone_bricks":2,"minecraft:stone_bricks":8,"byg:tall_allium":1,"minecraft:chipped_anvil":1,"minecraft:mossy_stone_bricks":3,"vinery:cherry_leaves":4,"minecraft:fern":8},"minecraft:broken":{"minecraft:iron_boots":1,"minecraft:stone_pickaxe":1,"minecraft:stone_axe":1,"minecraft:iron_sword":1,"minecraft:wooden_pickaxe":1,"iceandfire:armor_silver_metal_helmet":1,"minecraft:iron_pickaxe":1,"minecraft:iron_helmet":1,"minecraft:golden_pickaxe":1},"minecraft:used":{"iceandfire:dragon_skull_ice":2,"minecraft:chest":8,"minecraft:shield":110,"minecraft:iron_sword":395,"minecraft:axolotl_bucket":4,"vinery:taiga_grape_seeds_red":2,"iceandfire:ghost_chest":1,"minecraft:iron_helmet":1,"minecraft:stone_brick_stairs":2,"croptopia:peach":6,"minecraft:sweet_berries":35,"minecraft:furnace":2,"minecraft:skeleton_skull":1,"minecraft:diorite":28,"minecraft:stone_pickaxe":100,"minecraft:oak_planks":16,"create:crimsite":1,"minecraft:wooden_pickaxe":35,"minecraft:sugar_cane":31,"iceandfire:frozen_dirt":2,"minecraft_earth_mod:pink_daisy":1,"minecraft:blast_furnace":2,"waystones:waystone":1,"minecraft:bread":5,"tombstone:grave_key":9,"minecraft:grindstone":1,"minecraft:golden_pickaxe":67,"minecraft_earth_mod:rainbow_wool":4,"sophisticatedbackpacks:iron_backpack":2,"iceandfire:silver_sword":432,"minecraft:spruce_planks":30,"minecraft:oak_door":3,"minecraft:torch":2,"minecraft:brewing_stand":1,"minecraft:dirt":2,"iceandfire:copper_sword":3,"croptopia:raspberry":1,"minecraft:stone_brick_slab":3,"minecraft:chipped_anvil":1,"minecraft:bookshelf":1,"minecraft:iron_axe":111,"minecraft:iron_boots":1,"iceandfire:dragon_ice":5,"tombstone:gift":6,"minecraft:cooked_beef":36,"minecraft:cobbled_deepslate":35,"minecraft:calcite":1,"vinery:cherry_planks":7,"minecraft:cooked_mutton":12,"minecraft:water_bucket":4,"minecraft:baked_potato":15,"croptopia:apricot":2,"minecraft:crafting_table":2,"minecraft:white_bed":4,"minecraft:smoker":2,"tombstone:bag_of_seeds":4,"byg:tall_allium":1,"minecraft:iron_pickaxe":387,"byg:soapstone":9,"byg:orange_daisy":1,"minecraft:stone_axe":76,"minecraft:cobblestone":5,"minecraft:potion":4,"minecraft:porkchop":8,"minecraft:cooked_porkchop":24,"minecraft:bucket":9,"alexsmobs:animal_dictionary":1,"minecraft:jukebox":1,"vinery:taiga_grape_seeds_white":2,"vinery:red_grape_seeds":3},"minecraft:crafted":{"minecraft:smooth_stone":6,"minecraft:oak_planks":28,"croptopia:blackberry_seed":2,"minecraft:stone":6,"vinery:cherry_planks":24,"croptopia:celery_seed":1,"minecraft:cooked_mutton":25,"minecraft:iron_boots":1,"tombstone:grave_key":1,"minecraft:chest":6,"minecraft:smoker":2,"croptopia:tea_seed":2,"sophisticatedbackpacks:backpack":1,"minecraft:cooked_porkchop":32,"iceandfire:armor_silver_leggings":1,"minecraft:spruce_planks":4,"minecraft:copper_ingot":1,"minecraft:diamond_pickaxe":1,"minecraft:stick":4,"minecraft:iron_ingot":157,"minecraft:iron_pickaxe":1,"minecraft:gold_ingot":61,"minecraft:shears":1,"minecraft:oak_door":3,"croptopia:strawberry_seed":1,"minecraft:furnace":4,"minecraft:blast_furnace":2,"croptopia:broccoli_seed":1,"minecraft:iron_axe":1,"iceandfire:armor_bronze_chestplate":1,"sophisticatedbackpacks:iron_backpack":1,"minecraft:cooked_beef":25,"iceandfire:silver_ingot":23,"minecraft:bucket":2,"minecraft:air":0,"vinery:taiga_grape_seeds_white":2,"minecraft:white_bed":1,"iceandfire:armor_silver_helmet":1,"byg:aspen_planks":24,"minecraft:diamond_chestplate":1},"minecraft:dropped":{"minecraft_earth_mod:pink_daisy":1,"minecraft:cooked_porkchop":8,"iceandfire:frozen_dirt":3,"byg:lush_dirt":2,"minecraft:dark_oak_log":2,"croptopia:squash_seed":2,"iceandfire:ash":2,"minecraft:axolotl_bucket":1,"minecraft:iron_pickaxe":1,"croptopia:calamari":3,"minecraft:white_wool":4,"sons_of_sins:flesh_of_demise":2,"minecraft:gravel":3,"minecraft:rotten_flesh":30,"minecraft:cooked_mutton":26,"iceandfire:frozen_grass":1,"minecraft:poppy":2,"iceandfire:sapphire_gem":1,"minecraft:leather_chestplate":1,"supplementaries:flax_seeds":1,"supplementaries:ash":10,"minecraft:tipped_arrow":1,"iceandfire:ghost_chest":1,"iceandfire:armor_silver_metal_boots":2,"minecraft:arrow":8,"minecraft:stone_brick_stairs":2,"croptopia:squash":1,"minecraft:wheat_seeds":16,"minecraft:mossy_cobblestone":1,"minecraft:oak_fence":1,"minecraft:yellow_terracotta":2,"minecraft:cobblestone":3,"iceandfire:frozen_gravel":4,"minecraft:copper_ingot":2,"byg:witch_hazel_branch":4,"croptopia:artichoke_seed":1,"minecraft:coal":12,"minecraft:stick":17,"minecraft:cobweb":6,"croptopia:grape_seed":1,"iceandfire:silver_sword":1,"minecraft:brown_wool":2,"tombstone:grave_dust":1,"minecraft:iron_leggings":1,"croptopia:turmeric_seed":3,"minecraft:string":1,"minecraft:bucket":1,"iceandfire:silver_nugget":6,"minecraft:sweet_berries":3,"byg:aspen_log":2,"minecraft:raw_copper":88,"minecraft:tuff":6,"minecraft:clay_ball":12,"iceandfire:silver_ore":4,"iceandfire:dragon_ice":1,"minecraft:shield":4,"iceandfire:copper_sword":1,"byg:crocus":1,"minecraft:spruce_planks":1,"minecraft:spider_eye":3,"minecraft:spruce_log":7},"minecraft:killed_by":{"iceandfire:ice_dragon":20,"iceandfire:fire_dragon":7,"minecraft:skeleton":1},"minecraft:picked_up":{"minecraft:chainmail_boots":1,"byg:lush_dirt":2,"croptopia:grape_seed":1,"croptopia:broccoli":1,"minecraft:lead":1,"vinery:red_grape_seeds":3,"vinery:cherry_log":6,"croptopia:calamari":1,"minecraft:stone_brick_stairs":5,"minecraft:brewing_stand":1,"iceandfire:manuscript":1,"croptopia:artichoke_seed":1,"minecraft:string":17,"croptopia:lettuce":1,"minecraft:raw_copper":88,"minecraft:iron_leggings":1,"minecraft:cobbled_deepslate":41,"minecraft:gold_nugget":466,"minecraft:smooth_stone":2,"minecraft:spruce_planks":3,"minecraft:calcite":1,"minecraft:azalea":1,"minecraft:iron_pickaxe":1,"iceandfire:frozen_gravel":4,"minecraft:furnace":2,"minecraft:iron_boots":1,"minecraft:tipped_arrow":1,"minecraft:golden_helmet":1,"minecraft:stick":23,"iceandfire:ghost_chest":3,"minecraft:jukebox":1,"minecraft:big_dripleaf":1,"croptopia:blackberry_seed":4,"minecraft:torch":26,"croptopia:rutabaga":1,"iceandfire:silver_ore":4,"minecraft:porkchop":47,"orcz:squigs_claws":2,"tombstone:grave_dust":14,"minecraft:diorite":28,"alexsmobs:centipede_leg":2,"iceandfire:armor_silver_metal_boots":1,"minecraft:rotten_flesh":43,"croptopia:squash_seed":4,"croptopia:raspberry_seed":2,"supplementaries:antique_ink":6,"iceandfire:fire_dragon_heart":1,"supplementaries:ash":10,"minecraft:iron_bars":6,"minecraft:cobblestone":79,"croptopia:lettuce_seed":1,"minecraft:leather_chestplate":1,"minecraft:feather":8,"orcz:orcteeth":2,"croptopia:broccoli_seed":1,"minecraft:brown_wool":3,"minecraft:golden_leggings":1,"minecraft:tuff":6,"supplementaries:flax_seeds":1,"minecraft:lapis_lazuli":14,"croptopia:celery":1,"iceandfire:dragonscales_bronze":9,"minecraft:dirt":4,"minecraft:bone":94,"minecraft:chipped_anvil":1,"minecraft:wheat_seeds":26,"minecraft:raw_gold":4,"minecraft:grindstone":2,"minecraft:mossy_stone_bricks":1,"minecraft:moss_block":1,"byg:rose":1,"vinery:taiga_grape_seeds_white":3,"croptopia:blackberry":2,"croptopia:celery_seed":2,"iceandfire:dragon_skull_fire":1,"byg:orange_daisy":1,"minecraft:nether_brick_stairs":3,"minecraft:ink_sac":4,"minecraft:mossy_cobblestone":1,"minecraft:dark_oak_log":6,"iceandfire:frozen_dirt":5,"sons_of_sins:flesh_of_demise":3,"minecraft:bundle":2,"minecraft:light_gray_concrete":1,"create:crimsite":1,"byg:aspen_log":12,"byg:pink_anemone":2,"minecraft:diamond":10,"waystones:waystone":1,"iceandfire:dragon_ice":6,"minecraft:emerald":6,"minecraft:oak_sapling":4,"croptopia:cashew":5,"iceandfire:silver_nugget":336,"minecraft:crafting_table":2,"byg:soapstone":12,"minecraft:chicken":4,"minecraft:clay_ball":65,"croptopia:peach":5,"vinery:taiga_grapes_white":2,"minecraft:wooden_pickaxe":1,"croptopia:currant":1,"minecraft:shield":2,"iceandfire:frozen_grass":1,"iceandfire:frozen_splinters":2,"minecraft:moss_carpet":1,"minecraft:cracked_stone_bricks":1,"minecraft:beef":52,"vinery:cherry":9,"minecraft:iron_nugget":1,"minecraft_earth_mod:pink_daisy":2,"minecraft:poppy":2,"minecraft:light_gray_wool":2,"minecraft:sugar_cane":26,"minecraft:chest":3,"sons_of_sins:sickle_of_struggle":1,"iceandfire:ice_dragon_heart":2,"minecraft:dark_oak_sapling":1,"minecraft:raw_iron":68,"iceandfire:dragonbone":43,"minecraft:copper_ingot":1,"minecraft:redstone":1,"byg:witch_hazel_branch":4,"croptopia:strawberry":1,"iceandfire:dragon_skull_ice":4,"minecraft:arrow":37,"croptopia:strawberry_seed":2,"minecraft:nether_bricks":4,"iceandfire:dragonscales_silver":14,"minecraft:yellow_terracotta":2,"artifacts:pocket_piston":1,"minecraft:gold_ingot":137,"minecraft:glow_berries":1,"minecraft:mutton":30,"minecraft:skeleton_skull":1,"minecraft:white_wool":13,"minecraft:oxeye_daisy":1,"artifacts:digging_claws":1,"minecraft_earth_mod:buttercup":3,"vinery:rotten_cherry":2,"minecraft:leather":25,"croptopia:tea_leaves":2,"minecraft:oak_log":2,"iceandfire:ectoplasm":2,"minecraft:gunpowder":22,"byg:dacite_cobblestone":17,"minecraft:cooked_mutton":13,"minecraft:stone_bricks":8,"croptopia:squash":1,"alexsmobs:cockroach_wing_fragment":1,"croptopia:raspberry":1,"minecraft:stone_pickaxe":1,"minecraft:cobweb":6,"tombstone:bag_of_seeds":2,"minecraft:glass_bottle":5,"iceandfire:fire_dragon_flesh":5,"minecraft:book":21,"croptopia:currant_seed":1,"croptopia:apricot":2,"minecraft:sweet_berries":36,"vinery:taiga_grape_seeds_red":2,"minecraft:stone_brick_slab":3,"iceandfire:ash":2,"minecraft:dandelion":1,"minecraft:gravel":7,"minecraft:amethyst_shard":8,"croptopia:rutabaga_seed":1,"croptopia:turmeric_seed":3,"croptopia:tea_seed":3,"minecraft:white_bed":3,"minecraft:spruce_log":1,"byg:palm_planks":2,"minecraft:spider_eye":5,"minecraft_earth_mod:rainbow_wool":7,"minecraft:purple_bed":1,"byg:tall_allium":1,"croptopia:orange":3,"minecraft:gray_wool":1,"iceandfire:ice_dragon_flesh":4,"minecraft:coal":173,"minecraft:ender_pearl":1}},"DataVersion":3120}