{"stats":{"minecraft:dropped":{"minecraft:wheat_seeds":4,"minecraft:mossy_cobblestone":1,"minecraft:cobblestone":2,"croptopia:squash_seed":2,"minecraft:brown_wool":2,"tombstone:grave_dust":1,"iceandfire:ash":2,"minecraft:gravel":2,"minecraft:raw_copper":3,"minecraft:rotten_flesh":1,"minecraft:clay_ball":12,"minecraft:leather_chestplate":1,"minecraft:tipped_arrow":1,"minecraft:shield":2,"croptopia:squash":1},"minecraft:custom":{"minecraft:mob_kills":53,"minecraft:interact_with_crafting_table":14,"minecraft:open_barrel":3,"minecraft:damage_dealt_resisted":67,"minecraft:leave_game":6,"minecraft:time_since_death":41189,"minecraft:climb_one_cm":947,"minecraft:sprint_one_cm":285365,"minecraft:walk_one_cm":140867,"minecraft:damage_blocked_by_shield":1455,"minecraft:drop":20,"minecraft:talked_to_villager":1,"minecraft:play_time":72645,"minecraft:deaths":9,"minecraft:sneak_time":3067,"minecraft:walk_under_water_one_cm":1108,"minecraft:jump":1438,"minecraft:walk_on_water_one_cm":1619,"minecraft:total_world_time":72645,"minecraft:interact_with_furnace":15,"minecraft:sleep_in_bed":6,"minecraft:time_since_rest":499,"minecraft:waystone_activated":2,"minecraft:damage_taken":3435,"minecraft:damage_dealt":10545,"minecraft:swim_one_cm":8025,"minecraft:fly_one_cm":297795,"minecraft:open_chest":103,"minecraft:crouch_one_cm":6377,"tombstone:undead_killed":28,"tombstone:villager_killed":1,"minecraft:fall_one_cm":39456},"minecraft:used":{"minecraft:chest":2,"minecraft:spruce_planks":4,"minecraft:shield":32,"minecraft:iron_sword":61,"minecraft:oak_door":3,"minecraft:torch":1,"minecraft:dirt":2,"minecraft:stone_brick_slab":3,"minecraft:iron_axe":83,"minecraft:iron_boots":1,"minecraft:stone_brick_stairs":2,"croptopia:peach":6,"minecraft:furnace":2,"tombstone:gift":5,"minecraft:cooked_beef":10,"minecraft:diorite":21,"minecraft:stone_pickaxe":100,"minecraft:oak_planks":16,"croptopia:apricot":2,"minecraft:wooden_pickaxe":35,"minecraft:crafting_table":2,"minecraft:white_bed":3,"waystones:waystone":1,"minecraft:iron_pickaxe":94,"tombstone:grave_key":1,"byg:orange_daisy":1,"minecraft:stone_axe":48,"minecraft:cobblestone":3,"minecraft:porkchop":8,"alexsmobs:animal_dictionary":1,"minecraft:golden_pickaxe":67},"minecraft:broken":{"minecraft:wooden_pickaxe":1,"minecraft:stone_pickaxe":1,"minecraft:stone_axe":1,"minecraft:golden_pickaxe":1},"minecraft:crafted":{"minecraft:oak_door":3,"minecraft:oak_planks":28,"minecraft:furnace":2,"minecraft:cooked_mutton":25,"minecraft:iron_boots":1,"minecraft:iron_axe":1,"minecraft:chest":1,"iceandfire:armor_bronze_chestplate":1,"sophisticatedbackpacks:iron_backpack":1,"minecraft:cooked_beef":25,"sophisticatedbackpacks:backpack":1,"minecraft:air":0,"minecraft:iron_ingot":12,"minecraft:iron_pickaxe":1,"minecraft:gold_ingot":51,"byg:aspen_planks":8},"minecraft:killed":{"minecraft:cave_spider":3,"minecraft:spider":3,"minecraft_earth_mod:skeleton_wolf":1,"minecraft:skeleton":10,"iceandfire:fire_dragon":1,"minecraft_earth_mod:albino_cow":1,"minecraft:pig":5,"minecraft:wandering_trader":1,"minecraft:sheep":2,"minecraft:trader_llama":1,"alexsmobs:cockroach":1,"minecraft:zombie":12,"sons_of_sins:betrayed_guzzler":1,"minecraft:stray":2,"alexsmobs:fly":1,"minecraft:wither_skeleton":3,"minecraft_earth_mod:dried_muddy_pig":1,"minecraft:cow":1},"minecraft:mined":{"minecraft:spruce_planks":3,"minecraft:white_bed":3,"minecraft:brewing_stand":1,"minecraft:nether_bricks":1,"minecraft:grass_block":8,"minecraft:spawner":19,"minecraft:large_fern":11,"croptopia:tea_crop":2,"minecraft:fire":5,"minecraft:andesite":17,"minecraft:bookshelf":6,"croptopia:squash_crop":1,"iceandfire:gold_pile":53,"minecraft:deepslate_iron_ore":1,"minecraft:vine":1,"minecraft:iron_bars":8,"minecraft:stone":15,"create:limestone":4,"byg:dacite":16,"minecraft:stone_brick_slab":3,"minecraft:clay":19,"minecraft:crafting_table":2,"minecraft:torch":1,"minecraft:chest":2,"supplementaries:wild_flax":1,"minecraft:tall_grass":15,"byg:overgrown_dacite":1,"byg:mossy_stone":1,"minecraft:diorite":61,"supplementaries:urn":1,"byg:soapstone":8,"minecraft:lilac":1,"minecraft:jukebox":1,"byg:leaf_pile":1,"minecraft:stone_brick_stairs":2,"minecraft:grass":10,"minecraft:coal_ore":59,"minecraft:gravel":4,"minecraft:dirt":4,"minecraft:cracked_stone_bricks":1,"minecraft:stone_bricks":3,"byg:tall_allium":1,"create:crimsite":2,"minecraft:mossy_stone_bricks":3,"minecraft:oak_leaves":3,"minecraft:fern":1},"minecraft:killed_by":{"iceandfire:ice_dragon":1,"iceandfire:fire_dragon":7},"minecraft:picked_up":{"minecraft:crafting_table":2,"minecraft:clay_ball":12,"minecraft:chainmail_boots":1,"minecraft:chicken":4,"croptopia:peach":5,"croptopia:broccoli":1,"minecraft:lead":1,"minecraft:wooden_pickaxe":1,"minecraft:stone_brick_stairs":3,"minecraft:brewing_stand":1,"minecraft:shield":1,"minecraft:string":5,"minecraft:raw_copper":3,"minecraft:iron_leggings":1,"minecraft:gold_nugget":466,"minecraft:smooth_stone":2,"minecraft:spruce_planks":3,"minecraft:beef":25,"minecraft:iron_nugget":1,"minecraft:light_gray_wool":2,"minecraft:sugar_cane":5,"minecraft:chest":3,"minecraft:golden_helmet":1,"minecraft:tipped_arrow":1,"minecraft:stick":5,"minecraft:raw_iron":12,"iceandfire:dragonbone":8,"minecraft:jukebox":1,"minecraft:torch":2,"minecraft:porkchop":29,"tombstone:grave_dust":4,"minecraft:diorite":28,"minecraft:rotten_flesh":11,"minecraft:arrow":16,"croptopia:squash_seed":4,"minecraft:nether_bricks":4,"iceandfire:fire_dragon_heart":1,"minecraft:gold_ingot":135,"minecraft:mutton":25,"minecraft:iron_bars":6,"minecraft:cobblestone":6,"minecraft:white_wool":9,"minecraft:oxeye_daisy":1,"minecraft:leather_chestplate":1,"minecraft:feather":8,"minecraft_earth_mod:buttercup":3,"croptopia:broccoli_seed":1,"minecraft:brown_wool":3,"minecraft:leather":13,"minecraft:golden_leggings":1,"croptopia:tea_leaves":2,"minecraft:oak_log":2,"minecraft:gunpowder":4,"byg:dacite_cobblestone":17,"minecraft:dirt":4,"iceandfire:dragonscales_bronze":9,"minecraft:bone":17,"minecraft:stone_bricks":3,"croptopia:squash":1,"minecraft:wheat_seeds":15,"alexsmobs:cockroach_wing_fragment":1,"minecraft:stone_pickaxe":1,"minecraft:mossy_stone_bricks":1,"minecraft:glass_bottle":5,"iceandfire:fire_dragon_flesh":5,"minecraft:book":18,"croptopia:apricot":2,"minecraft:stone_brick_slab":3,"iceandfire:ash":2,"minecraft:dandelion":1,"minecraft:gravel":6,"iceandfire:dragon_skull_fire":1,"byg:orange_daisy":1,"minecraft:nether_brick_stairs":3,"croptopia:tea_seed":3,"minecraft:white_bed":3,"sons_of_sins:flesh_of_demise":1,"byg:palm_planks":2,"minecraft:spider_eye":2,"minecraft:mossy_cobblestone":1,"byg:pink_anemone":2,"byg:aspen_log":11,"waystones:waystone":1,"byg:tall_allium":1,"minecraft:gray_wool":1,"minecraft:oak_sapling":4,"minecraft:coal":75}},"DataVersion":3120}