{"stats":{"minecraft:mined":{"minecraft:grass":5,"minecraft:tall_grass":14},"minecraft:custom":{"minecraft:jump":40,"minecraft:time_since_rest":834,"minecraft:leave_game":1,"minecraft:sprint_one_cm":2650,"minecraft:play_time":834,"minecraft:time_since_death":834,"minecraft:walk_one_cm":136,"minecraft:total_world_time":834,"minecraft:drop":3,"minecraft:fall_one_cm":1254,"minecraft:fly_one_cm":12293},"minecraft:picked_up":{"minecraft:wheat_seeds":3},"minecraft:dropped":{"minecraft:wheat_seeds":3}},"DataVersion":3120}