{"stats":{"minecraft:killed_by":{"iceandfire:ice_dragon":1,"iceandfire:fire_dragon":7},"minecraft:picked_up":{"minecraft:crafting_table":2,"minecraft:feather":5,"croptopia:peach":5,"minecraft:chicken":4,"minecraft_earth_mod:buttercup":3,"croptopia:broccoli_seed":1,"minecraft:leather":13,"croptopia:broccoli":1,"minecraft:wooden_pickaxe":1,"croptopia:tea_leaves":2,"minecraft:stone_brick_stairs":2,"minecraft:oak_log":2,"minecraft:brewing_stand":1,"minecraft:gunpowder":4,"byg:dacite_cobblestone":17,"minecraft:string":1,"minecraft:dirt":4,"iceandfire:dragonscales_bronze":9,"minecraft:bone":6,"minecraft:wheat_seeds":14,"minecraft:gold_nugget":466,"croptopia:squash":1,"minecraft:beef":25,"minecraft:stone_pickaxe":1,"minecraft:iron_nugget":1,"minecraft:light_gray_wool":2,"minecraft:sugar_cane":5,"minecraft:chest":2,"iceandfire:fire_dragon_flesh":5,"minecraft:book":12,"minecraft:stick":5,"minecraft:raw_iron":12,"iceandfire:dragonbone":8,"croptopia:apricot":2,"minecraft:torch":1,"minecraft:stone_brick_slab":3,"iceandfire:ash":2,"minecraft:dandelion":1,"minecraft:gravel":4,"iceandfire:dragon_skull_fire":1,"minecraft:porkchop":27,"byg:orange_daisy":1,"minecraft:rotten_flesh":1,"minecraft:spider_eye":1,"tombstone:grave_dust":3,"croptopia:tea_seed":3,"minecraft:white_bed":3,"byg:palm_planks":2,"minecraft:mossy_cobblestone":1,"minecraft:arrow":2,"byg:aspen_log":11,"croptopia:squash_seed":4,"byg:pink_anemone":2,"waystones:waystone":1,"byg:tall_allium":1,"iceandfire:fire_dragon_heart":1,"minecraft:gray_wool":1,"minecraft:oak_sapling":4,"minecraft:mutton":25,"minecraft:iron_bars":2,"minecraft:coal":69,"minecraft:white_wool":9,"minecraft:cobblestone":6,"minecraft:oxeye_daisy":1},"minecraft:mined":{"byg:dacite":16,"minecraft:white_bed":3,"minecraft:stone_brick_slab":3,"minecraft:brewing_stand":1,"minecraft:crafting_table":2,"minecraft:grass_block":5,"minecraft:chest":2,"supplementaries:wild_flax":1,"minecraft:tall_grass":14,"byg:overgrown_dacite":1,"minecraft:diorite":1,"byg:mossy_stone":1,"minecraft:spawner":6,"minecraft:large_fern":11,"minecraft:fire":5,"croptopia:tea_crop":2,"minecraft:lilac":1,"minecraft:vine":1,"minecraft:bookshelf":4,"byg:leaf_pile":1,"minecraft:stone_brick_stairs":2,"minecraft:grass":10,"croptopia:squash_crop":1,"minecraft:deepslate_iron_ore":1,"minecraft:coal_ore":54,"iceandfire:gold_pile":53,"minecraft:iron_bars":4,"minecraft:dirt":2,"minecraft:stone":8,"minecraft:stone_bricks":3,"byg:tall_allium":1,"minecraft:oak_leaves":3,"minecraft:fern":1},"minecraft:dropped":{"minecraft:wheat_seeds":3,"minecraft:mossy_cobblestone":1,"minecraft:cobblestone":2,"minecraft:rotten_flesh":1,"croptopia:squash_seed":2,"tombstone:grave_dust":1,"iceandfire:ash":2,"croptopia:squash":1},"minecraft:broken":{"minecraft:stone_pickaxe":1,"minecraft:stone_axe":1,"minecraft:wooden_pickaxe":1},"minecraft:custom":{"minecraft:interact_with_furnace":15,"minecraft:mob_kills":20,"minecraft:interact_with_crafting_table":13,"minecraft:damage_dealt_resisted":67,"minecraft:leave_game":4,"minecraft:time_since_death":20101,"minecraft:sleep_in_bed":4,"minecraft:time_since_rest":11780,"minecraft:waystone_activated":2,"minecraft:sprint_one_cm":192899,"minecraft:damage_taken":2859,"minecraft:walk_one_cm":89345,"minecraft:damage_blocked_by_shield":345,"minecraft:drop":10,"minecraft:damage_dealt":5039,"minecraft:swim_one_cm":5416,"minecraft:fly_one_cm":264754,"minecraft:play_time":51557,"minecraft:open_chest":65,"minecraft:crouch_one_cm":4893,"minecraft:sneak_time":2564,"tombstone:undead_killed":8,"minecraft:deaths":9,"minecraft:walk_under_water_one_cm":756,"minecraft:jump":1196,"minecraft:walk_on_water_one_cm":744,"minecraft:total_world_time":51557,"minecraft:fall_one_cm":33782},"minecraft:used":{"minecraft:stone_pickaxe":100,"minecraft:oak_planks":13,"minecraft:shield":8,"minecraft:chest":2,"minecraft:wooden_pickaxe":35,"minecraft:oak_door":3,"minecraft:dirt":2,"minecraft:crafting_table":2,"minecraft:white_bed":3,"waystones:waystone":1,"minecraft:stone_brick_slab":3,"minecraft:iron_pickaxe":23,"minecraft:iron_axe":53,"tombstone:grave_key":1,"minecraft:iron_boots":1,"minecraft:stone_brick_stairs":2,"croptopia:peach":6,"minecraft:cobblestone":3,"minecraft:stone_axe":18,"byg:orange_daisy":1,"minecraft:furnace":2,"minecraft:porkchop":8,"alexsmobs:animal_dictionary":1,"tombstone:gift":4,"minecraft:cooked_beef":3},"minecraft:killed":{"minecraft:pig":5,"minecraft:spider":2,"minecraft:sheep":1,"minecraft:skeleton":5,"minecraft:zombie":3,"iceandfire:fire_dragon":1,"alexsmobs:fly":1,"minecraft_earth_mod:albino_cow":1,"minecraft:cow":1},"minecraft:crafted":{"minecraft:cooked_beef":25,"minecraft:oak_door":3,"minecraft:oak_planks":28,"sophisticatedbackpacks:backpack":1,"minecraft:furnace":2,"minecraft:cooked_mutton":25,"minecraft:air":0,"minecraft:iron_boots":1,"minecraft:chest":1,"minecraft:iron_axe":1,"minecraft:iron_ingot":12,"minecraft:iron_pickaxe":1,"minecraft:gold_ingot":51,"iceandfire:armor_bronze_chestplate":1,"byg:aspen_planks":8}},"DataVersion":3120}