{
  "dungeons_arise:wda_root": {
    "criteria": {
      "WDA": "2024-05-17 12:49:44 +0000"
    },
    "done": true
  },
  "byg:root": {
    "criteria": {
      "tick": "2024-05-17 12:49:44 +0000"
    },
    "done": true
  },
  "create:root": {
    "criteria": {
      "0": "2024-05-17 12:49:43 +0000"
    },
    "done": true
  },
  "iceandfire:iceandfire/root": {
    "criteria": {
      "tick": "2024-05-17 12:49:44 +0000"
    },
    "done": true
  },
  "orcz:orczchallenge": {
    "criteria": {
      "orczchallenge": "2024-05-17 12:49:44 +0000"
    },
    "done": true
  },
  "minecraft:adventure/root": {
    "criteria": {
      "killed_by_something": "2024-05-17 12:51:02 +0000"
    },
    "done": true
  },
  "tombstone:adventure/root": {
    "criteria": {
      "auto": "2024-05-17 12:49:45 +0000"
    },
    "done": true
  },
  "repurposed_structures:root": {
    "criteria": {
      "always": "2024-05-17 12:49:44 +0000"
    },
    "done": true
  },
  "minecraft:adventure/adventuring_time": {
    "criteria": {
      "minecraft:beach": "2024-05-17 12:50:05 +0000",
      "minecraft:flower_forest": "2024-05-17 12:49:45 +0000",
      "minecraft:plains": "2024-05-17 12:50:01 +0000"
    },
    "done": false
  },
  "tombstone:adventure/first_grave": {
    "criteria": {
      "coded_trigger": "2024-05-17 12:51:02 +0000"
    },
    "done": true
  },
  "DataVersion": 3120
}